campaign_id,campaign_name,order,url,total_clicks,unique_clicks,click_percentage,unique_click_percentage
88729cfa9f,DP Daybreak 03/27/2024,1,https://gopuff.onelink.me/6XXe/1wpalnyc,9,8,0.006114130434782609,0.009779951100244499
88729cfa9f,DP Daybreak 03/27/2024,2,https://www.shopsatpenn.com/,4,4,0.002717391304347826,0.004889975550122249
88729cfa9f,DP Daybreak 03/27/2024,3,http://www.liveatuca.com/,10,8,0.006793478260869565,0.009779951100244499
a793d8dbc6,DP Daybreak 03/28/2024,1,https://gopuff.onelink.me/6XXe/1wpalnyc,8,7,0.0027008777852802163,0.004438807863031071
a793d8dbc6,DP Daybreak 03/28/2024,2,https://www.acmemarkets.com/,8,6,0.0027008777852802163,0.003804692454026633
aa79c592b9,DP Daybreak 03/29/2024,1,https://www.livecampusapts.com/,4,4,0.00196174595389897,0.0037488284910965324
aa79c592b9,DP Daybreak 03/29/2024,2,http://dominos.com/,5,5,0.0024521824423737125,0.004686035613870665
aa79c592b9,DP Daybreak 03/29/2024,3,https://urldefense.com/v3/__https://theDP.us2.list-manage.com/track/click?u=a96885e3aa3f8131c872ee329&id=5f852061d0&e=c4aba4b8cf__;!!IBzWLUs!X_M8mQz48xss8SQT5TQRZPVJB2qYA-iN-H69_EVzLyimHKAUrgkcrxQpai6tgiwFcd6yxDKAxH1PXmNAEYU_SJA$,7,7,0.0034330554193231977,0.006560449859418931
aa79c592b9,DP Daybreak 03/29/2024,4,https://thedp.wufoo.com/forms/utb-joke-week-sticker-presale-form/,21,12,0.010299166257969592,0.011246485473289597
14247c5c6c,DP Daybreak 04/01/2024,1,https://gopuff.onelink.me/6XXe/1wpalnyc,26,20,0.015466983938132063,0.02247191011235955
14247c5c6c,DP Daybreak 04/01/2024,2,https://www.acmemarkets.com/,4,4,0.002379535990481856,0.0044943820224719105
14247c5c6c,DP Daybreak 04/01/2024,3,https://www.shopsatpenn.com/,6,6,0.003569303985722784,0.006741573033707865
14247c5c6c,DP Daybreak 04/01/2024,4,https://youtu.be/APWDsTQCG4M,10,8,0.00594883997620464,0.008988764044943821
14247c5c6c,DP Daybreak 04/01/2024,5,https://docs.google.com/forms/d/e/1FAIpQLScmW5cizslLK__TTFbbeNSZfXYwOvnNwG3Q8pfgwtbZdxQZKw/viewform,6,4,0.003569303985722784,0.0044943820224719105
74731b3172,DP Daybreak 04/02/2024,1,https://gopuff.onelink.me/6XXe/1wpalnyc,55,27,0.007929642445213379,0.007546115148127445
74731b3172,DP Daybreak 04/02/2024,2,https://www.sas.upenn.edu/events/stephen-levin-family-deans-forum-featuring-margaret-atwood,102,52,0.014705882352941176,0.014533258803801007
babf7bd0e3,DP Daybreak 04/03/2024,1,https://gopuff.onelink.me/6XXe/1wpalnyc,14,8,0.00775623268698061,0.007561436672967864
80b583063f,DP Daybreak 04/04/2024,1,https://gopuff.onelink.me/6XXe/1wpalnyc,7,7,0.002696456086286595,0.0047425474254742545
525fa614ef,DP Daybreak 04/05/2024,1,https://universityrealtyapartments.com/,3,3,0.0017251293847038527,0.0033407572383073497
525fa614ef,DP Daybreak 04/05/2024,2,https://www.acmemarkets.com/,15,15,0.008625646923519264,0.01670378619153675
525fa614ef,DP Daybreak 04/05/2024,3,https://www.shopsatpenn.com/,7,5,0.0040253018976423235,0.005567928730512249
b9cb9de6f1,DP Daybreak 04/08/2024,1,http://www.upenn.edu/offcampushousingfair,5,5,0.002440214738897023,0.0048828125
b9cb9de6f1,DP Daybreak 04/08/2024,2,https://gopuff.onelink.me/6XXe/1wpalnyc,9,6,0.004392386530014641,0.005859375
b9cb9de6f1,DP Daybreak 04/08/2024,3,http://dominos.com/,6,6,0.0029282576866764276,0.005859375
b9cb9de6f1,DP Daybreak 04/08/2024,4,https://youtu.be/mXkdhZwYqEM,11,9,0.005368472425573451,0.0087890625
7fd9ba3a91,DP Daybreak 04/09/2024,1,https://www.shopsatpenn.com/,11,6,0.005157055789967183,0.0054249547920434
7fd9ba3a91,DP Daybreak 04/09/2024,2,http://dpgradgoodbyes.com,4,2,0.001875293014533521,0.0018083182640144665
7fd9ba3a91,DP Daybreak 04/09/2024,3,https://thedp.us2.list-manage2.com/subscribe?u=a96885e3aa3f8131c872ee329&id=370b4800ba,5,3,0.0023441162681669013,0.0027124773960217
7fd9ba3a91,DP Daybreak 04/09/2024,4,https://www.redbubble.com/i/sticker/Eclipse-by-dailypenn/160163016.EJUG5,65,31,0.030473511486169714,0.02802893309222423
69a0024243,DP Daybreak 04/10/2024,1,https://www.sas.upenn.edu/events/stephen-levin-family-deans-forum-featuring-margaret-atwood,48,25,0.014902204284383732,0.015566625155666251
69a0024243,DP Daybreak 04/10/2024,2,https://gopuff.onelink.me/6XXe/1wpalnyc,16,10,0.0049674014281279105,0.0062266500622665
69a0024243,DP Daybreak 04/10/2024,3,https://www.acmemarkets.com/,32,24,0.009934802856255821,0.014943960149439602
69a0024243,DP Daybreak 04/10/2024,4,http://dpgradgoodbyes.com/,19,17,0.0058987891959018934,0.010585305105853052
5b8b4ced98,DP Daybreak 04/11/2024,1,https://universityrealtyapartments.com/,18,11,0.006008010680907877,0.006785934608266502
5b8b4ced98,DP Daybreak 04/11/2024,2,http://www.upenn.edu/offcampushousingfair,12,8,0.004005340453938585,0.004935225169648365
5b8b4ced98,DP Daybreak 04/11/2024,3,http://dpgradgoodbyes.com/,22,18,0.007343124165554072,0.011104256631708822
5b8b4ced98,DP Daybreak 04/11/2024,4,https://youtu.be/EP1s4iFhNDk,121,72,0.040387182910547395,0.04441702652683529
2a7d8371b1,DP Daybreak 04/12/2024,1,https://gopuff.onelink.me/6XXe/1wpalnyc,24,13,0.008342022940563087,0.008563899868247694
2a7d8371b1,DP Daybreak 04/12/2024,2,http://www.upenn.edu/offcampushousingfair,89,46,0.030935001737921446,0.030303030303030304
2a7d8371b1,DP Daybreak 04/12/2024,3,http://dpgradgoodbyes.com/,14,9,0.004866180048661801,0.005928853754940711
79de9c5e60,DP Daybreak 04/15/2024,1,http://www.upenn.edu/offcampushousingfair,92,48,0.040834442964935644,0.039735099337748346
79de9c5e60,DP Daybreak 04/15/2024,2,http://dpgradgoodbyes.com/,26,14,0.01154016866400355,0.011589403973509934
79de9c5e60,DP Daybreak 04/15/2024,3,https://youtu.be/_8vbS_pUVI0,16,10,0.007101642254771416,0.008278145695364239
6a2bd8ea7e,DP Daybreak 04/16/2024,1,https://universityrealtyapartments.com/,35,20,0.015027908973808502,0.016246953696181964
6a2bd8ea7e,DP Daybreak 04/16/2024,2,http://dominos.com,7,7,0.0030055817947617003,0.005686433793663688
6a2bd8ea7e,DP Daybreak 04/16/2024,3,https://youtu.be/XzBWXcnEOg4,79,45,0.0339201373980249,0.036555645816409424
a9e985a824,DP Daybreak 04/17/2024,1,http://www.upenn.edu/offcampushousingfair,4,3,0.0030257186081694403,0.00424929178470255
a9e985a824,DP Daybreak 04/17/2024,2,https://www.sas.upenn.edu/events/stephen-levin-family-deans-forum-featuring-margaret-atwood,28,14,0.02118003025718608,0.019830028328611898
a9e985a824,DP Daybreak 04/17/2024,3,https://philafleamarkets.org/,24,13,0.018154311649016642,0.018413597733711047
a9e985a824,DP Daybreak 04/17/2024,4,https://www.shopsatpenn.com/,4,3,0.0030257186081694403,0.00424929178470255
3de5316770,DP Daybreak 04/18/2024,1,https://www.sustainability.upenn.edu/campus-initiatives/earth-week,2,1,0.00975609756097561,0.008547008547008548
3de5316770,DP Daybreak 04/18/2024,2,https://www.acmemarkets.com/,2,2,0.00975609756097561,0.017094017094017096
621f937b3e,DP Daybreak 04/18/2024,1,https://www.sustainability.upenn.edu/campus-initiatives/earth-week,6,4,0.002377179080824089,0.0029895366218236174
621f937b3e,DP Daybreak 04/18/2024,2,https://www.acmemarkets.com/,1,1,0.0003961965134706815,0.0007473841554559044
64560028e2,DP Daybreak 04/19/2024,1,https://upenn.vfairs.com/,13,9,0.005775211017325633,0.007371007371007371
64560028e2,DP Daybreak 04/19/2024,2,http://dpgradgoodbyes.com/,24,14,0.010661928031985785,0.011466011466011465
84cff8cda6,DP Daybreak 04/22/2024,1,https://www.sustainability.upenn.edu/campus-initiatives/earth-week,9,7,0.003639304488475536,0.005422153369481022
84cff8cda6,DP Daybreak 04/22/2024,2,https://youtu.be/TWauiZldOUg,4,4,0.0016174686615446825,0.003098373353989156
745dc1f7d7,DP Daybreak 04/23/2024,1,https://universityrealtyapartments.com/,19,16,0.008085106382978723,0.012269938650306749
242cbc2282,DP Daybreak 04/24/2024,1,https://www.sustainability.upenn.edu/campus-initiatives/earth-week,6,6,0.0028971511347175277,0.005376344086021506
242cbc2282,DP Daybreak 04/24/2024,2,https://philafleamarkets.org/,13,10,0.006277160791887977,0.008960573476702509
242cbc2282,DP Daybreak 04/24/2024,3,http://dominos.com/,10,7,0.004828585224529213,0.0062724014336917565
6dac70ad53,DP Daybreak 04/25/2024,1,http://nextgenamerica.org/,57,42,0.014070599851888422,0.019169329073482427
6dac70ad53,DP Daybreak 04/25/2024,2,https://universityrealtyapartments.com/,8,6,0.001974821031843989,0.0027384755819260614
6dac70ad53,DP Daybreak 04/25/2024,3,http://dominos.com,5,5,0.0012342631449024932,0.0022820629849383844
ca8dd872c6,DP Daybreak 04/25/2024,1,https://www.acmemarkets.com/,8,7,0.003020007550018875,0.00477815699658703
ca8dd872c6,DP Daybreak 04/25/2024,2,https://www.shopsatpenn.com/,23,15,0.008682521706304265,0.010238907849829351
282448d724,DP Daybreak 04/26/2024,1,https://web.sas.upenn.edu/conversations/calendar_event/student-journalism-during-unprecedented-times/,15,10,0.004865390853065196,0.006464124111182934
282448d724,DP Daybreak 04/26/2024,2,https://philafleamarkets.org/,20,10,0.006487187804086928,0.006464124111182934
282448d724,DP Daybreak 04/26/2024,3,https://upenn.vfairs.com/,6,4,0.0019461563412260785,0.002585649644473174
0dd76c1df0,DP Daybreak 04/29/2024,1,https://web.sas.upenn.edu/conversations/calendar_event/student-journalism-during-unprecedented-times/,17,11,0.005825908156271419,0.007422402159244264
0dd76c1df0,DP Daybreak 04/29/2024,2,https://universityrealtyapartments.com/,13,8,0.004455106237148732,0.005398110661268556
21c17110d9,DP Daybreak 04/30/2024,1,http://dominos.com,7,7,0.001883745963401507,0.0036477331943720686
4e966ba83e,DP Daybreak 05/01/2024,1,https://upenn.vfairs.com/,11,7,0.0035737491877842753,0.004638833664678595
4e966ba83e,DP Daybreak 05/01/2024,2,https://www.acmemarkets.com/,13,9,0.004223521767381416,0.005964214711729622
65a1761a1e,DP Daybreak 05/02/2024,1,https://upenn.vfairs.com/,16,10,0.005627857896588111,0.006702412868632708
65a1761a1e,DP Daybreak 05/02/2024,2,https://universityrealtyapartments.com/,25,14,0.008793527963418923,0.00938337801608579
65a1761a1e,DP Daybreak 05/02/2024,3,https://www.shopsatpenn.com/,12,8,0.004220893422441084,0.005361930294906166
65a1761a1e,DP Daybreak 05/02/2024,4,http://dominos.com,14,9,0.004924375659514597,0.006032171581769437
8c07415d4e,DP Daybreak Graduation (5/17/2024),1,https://www.classy.org/give/506065/#!/donation/checkout,20,14,0.006435006435006435,0.00855222968845449
8c07415d4e,DP Daybreak Graduation (5/17/2024),2,https://www.classy.org/give/558150#!/donation/checkout,15,10,0.004826254826254826,0.006108735491753207
8c07415d4e,DP Daybreak Graduation (5/17/2024),3,https://www.balfour.com/upenn,11,8,0.0035392535392535394,0.004886988393402566
8c07415d4e,DP Daybreak Graduation (5/17/2024),4,https://www.acmemarkets.com/,15,10,0.004826254826254826,0.006108735491753207
8c07415d4e,DP Daybreak Graduation (5/17/2024),5,https://www.shopsatpenn.com/,13,9,0.004182754182754183,0.005497861942577886
8c07415d4e,DP Daybreak Graduation (5/17/2024),6,http://dominos.com/,9,7,0.0028957528957528956,0.004276114844227245
45d289d6e0,DP Daybreak 05/23/2024,1,https://universityrealtyapartments.com/,16,11,0.006493506493506494,0.008160237388724036
45d289d6e0,DP Daybreak 05/23/2024,2,https://urldefense.com/v3/__https://theDP.us2.list-manage.com/profile?u=a96885e3aa3f8131c872ee329&id=370b4800ba&e=c4aba4b8cf&c=9d753de4bf__;!!IBzWLUs!XxTF9ey3R72F7TLVx-ey5uC4NFcVE90P23EYvajAQ0Du5v48Jbwp0gvg_x1a-YwmAj64Bv4wJtNHkXVe1cledMY$,4,4,0.0016233766233766235,0.002967359050445104
45d289d6e0,DP Daybreak 05/23/2024,3,https://urldefense.com/v3/__https://theDP.us2.list-manage.com/unsubscribe?u=a96885e3aa3f8131c872ee329&id=370b4800ba&e=c4aba4b8cf&c=9d753de4bf__;!!IBzWLUs!XxTF9ey3R72F7TLVx-ey5uC4NFcVE90P23EYvajAQ0Du5v48Jbwp0gvg_x1a-YwmAj64Bv4wJtNHkXVeCfVR-pw$,42,16,0.017045454545454544,0.011869436201780416
8b9c96b39c,DP Daybreak 05/30/2024,1,https://universityrealtyapartments.com/,18,13,0.006367173682348779,0.009021512838306732
76ec13efaa,DP Daybreak 06/06/2024,1,https://www.shopsatpenn.com/,127,70,0.05434317501069748,0.056134723336006415
76ec13efaa,DP Daybreak 06/06/2024,2,https://www.acmemarkets.com/,6,5,0.0025673940949935813,0.00400962309542903
76ec13efaa,DP Daybreak 06/06/2024,3,https://universityrealtyapartments.com/,4,4,0.0017115960633290544,0.0032076984763432237
76ec13efaa,DP Daybreak 06/06/2024,4,http://dominos.com/,4,4,0.0017115960633290544,0.0032076984763432237
65760403f8,DP Daybreak 06/13/2024,1,https://www.acmemarkets.com/,35,24,0.014107214832728738,0.019339242546333603
65760403f8,DP Daybreak 06/13/2024,2,https://universityrealtyapartments.com/,23,14,0.009270455461507456,0.011281224818694601
65760403f8,DP Daybreak 06/13/2024,3,https://www.shopsatpenn.com/,15,10,0.006045949214026602,0.008058017727639
65760403f8,DP Daybreak 06/13/2024,4,http://dominos.com/,34,19,0.013704151551793631,0.015310233682514102
d2af6d44dd,DP Daybreak 06/20/2024,1,https://universityrealtyapartments.com/,18,15,0.0081374321880651,0.012942191544434857
d2af6d44dd,DP Daybreak 06/20/2024,2,https://www.shopsatpenn.com/,9,6,0.00406871609403255,0.005176876617773943
d2af6d44dd,DP Daybreak 06/20/2024,3,https://www.acmemarkets.com/,5,5,0.0022603978300180833,0.004314063848144953
d2af6d44dd,DP Daybreak 06/20/2024,4,http://dominos.com/,4,4,0.0018083182640144665,0.003451251078515962
d9d4774514,DP Daybreak 06/27/2024,1,https://universityrealtyapartments.com/,48,29,0.02040816326530612,0.024369747899159664
d9d4774514,DP Daybreak 06/27/2024,2,https://www.acmemarkets.com/,13,9,0.0055272108843537416,0.007563025210084034
d9d4774514,DP Daybreak 06/27/2024,3,https://www.shopsatpenn.com/,12,8,0.00510204081632653,0.0067226890756302525
d9d4774514,DP Daybreak 06/27/2024,4,http://dominos.com/,17,15,0.007227891156462585,0.012605042016806723
48281066a3,DP Daybreak 07/04/2024,1,https://www.acmemarkets.com/,15,14,0.009282178217821782,0.016241299303944315
48281066a3,DP Daybreak 07/04/2024,2,https://universityrealtyapartments.com/,7,6,0.004331683168316832,0.0069605568445475635
48281066a3,DP Daybreak 07/04/2024,3,http://dominos.com,5,5,0.003094059405940594,0.00580046403712297
c176173068,DP Daybreak 07/11/2024,1,https://universityrealtyapartments.com/,25,19,0.008928571428571428,0.013788098693759071
c176173068,DP Daybreak 07/11/2024,2,https://www.acmemarkets.com/,22,19,0.007857142857142858,0.013788098693759071
c176173068,DP Daybreak 07/11/2024,3,https://www.shopsatpenn.com/,4,4,0.0014285714285714286,0.002902757619738752
c176173068,DP Daybreak 07/11/2024,4,http://dominos.com/,9,5,0.0032142857142857142,0.00362844702467344
e183769ca7,DP Daybreak 07/18/2024,1,https://www.shopsatpenn.com/,23,17,0.01064322073114299,0.01400329489291598
e183769ca7,DP Daybreak 07/18/2024,2,https://universityrealtyapartments.com/,17,11,0.007866728366496992,0.009060955518945634
e183769ca7,DP Daybreak 07/18/2024,3,https://www.acmemarkets.com/,14,9,0.006478482184173994,0.007413509060955519
e183769ca7,DP Daybreak 07/18/2024,4,http://dominos.com/,4,4,0.0018509949097639982,0.0032948929159802307
7c6cb42c54,DP Daybreak 07/25/2024,1,https://universityrealtyapartments.com/,13,12,0.007076755579749592,0.012
7c6cb42c54,DP Daybreak 07/25/2024,2,https://www.acmemarkets.com/,6,6,0.00326619488296135,0.006
7c6cb42c54,DP Daybreak 07/25/2024,3,https://www.shopsatpenn.com/,10,7,0.005443658138268917,0.007
7c6cb42c54,DP Daybreak 07/25/2024,4,http://dominos.com/,7,7,0.003810560696788242,0.007
d0ea28e32c,DP Daybreak 08/01/2024,1,https://universityrealtyapartments.com/,12,11,0.005973120955699353,0.010466222645099905
d0ea28e32c,DP Daybreak 08/01/2024,2,https://www.acmemarkets.com/,11,8,0.0054753608760577405,0.007611798287345386
d0ea28e32c,DP Daybreak 08/01/2024,3,https://www.shopsatpenn.com/,5,5,0.0024888003982080635,0.004757373929590866
d0ea28e32c,DP Daybreak 08/01/2024,4,http://dominos.com/,3,3,0.0014932802389248383,0.0028544243577545195
ddc76439a0,DP Daybreak 08/08/2024,1,https://www.shopsatpenn.com/,12,11,0.011639185257032008,0.01634472511144131
ddc76439a0,DP Daybreak 08/08/2024,2,https://universityrealtyapartments.com/,6,5,0.005819592628516004,0.007429420505200594
ddc76439a0,DP Daybreak 08/08/2024,3,https://www.acmemarkets.com/,6,6,0.005819592628516004,0.008915304606240713
ddc76439a0,DP Daybreak 08/08/2024,4,http://dominos.com/,11,8,0.01066925315227934,0.01188707280832095
cfbd902a70,DP Daybreak 08/15/2024,1,https://universityrealtyapartments.com/,16,14,0.008350730688935281,0.014925373134328358
cfbd902a70,DP Daybreak 08/15/2024,2,https://www.acmemarkets.com/,8,7,0.0041753653444676405,0.007462686567164179
cfbd902a70,DP Daybreak 08/15/2024,3,https://www.shopsatpenn.com/,8,7,0.0041753653444676405,0.007462686567164179
cfbd902a70,DP Daybreak 08/15/2024,4,http://dominos.com/,6,5,0.003131524008350731,0.005330490405117271
e046d23119,DP Daybreak 08/20/2024,1,https://universityrealtyapartments.com/,24,17,0.004460137520906894,0.006172839506172839
e046d23119,DP Daybreak 08/20/2024,2,http://dominos.com/,32,17,0.00594685002787586,0.006172839506172839
7f65c3da5f,DP Daybreak 08/28/2024,1,http://nextgenamerica.org,46,36,0.014075887392900856,0.01940700808625337
7f65c3da5f,DP Daybreak 08/28/2024,2,https://universityrealtyapartments.com/,14,9,0.004283965728274173,0.004851752021563342
7f65c3da5f,DP Daybreak 08/28/2024,3,http://dominos.com/,11,10,0.0033659730722154224,0.005390835579514825
0983a816de,DP Daybreak 08/29/2024,1,https://universityrealtyapartments.com/,10,10,0.005007511266900351,0.009478672985781991
0983a816de,DP Daybreak 08/29/2024,2,http://dominos.com/,2,2,0.00100150225338007,0.0018957345971563982
7b7f5d2514,DP Daybreak 08/30/24,1,https://universityrealtyapartments.com/,16,14,0.008333333333333333,0.01282051282051282
7b7f5d2514,DP Daybreak 08/30/24,2,http://dominos.com,6,5,0.003125,0.004578754578754579
a2d85f5039,DP Daybreak 09/03/2024,1,https://universityrealtyapartments.com/,23,17,0.011089681774349084,0.014592274678111588
a2d85f5039,DP Daybreak 09/03/2024,2,http://dominos.com/,9,7,0.004339440694310511,0.006008583690987125
ee4a692c9c,DP Daybreak 09/04/2024,1,https://www.lps.upenn.edu/non-degree-programs/pre-health/events?utm_campaign=pre_health_daily_pennsylvanian&utm_source=ppc&utm_medium=enews%20banner&utm_term=aug24&utm_content=pre_health_daily_pennsylvanian,18,16,0.011076923076923076,0.017699115044247787
ee4a692c9c,DP Daybreak 09/04/2024,2,https://universityrealtyapartments.com/,9,7,0.005538461538461538,0.007743362831858407
ee4a692c9c,DP Daybreak 09/04/2024,3,http://dominos.com/,5,5,0.003076923076923077,0.0055309734513274336
fd2982d097,DP Daybreak 09/05/2024,1,http://nextgenamerica.org,31,22,0.019558359621451103,0.023554603854389723
fd2982d097,DP Daybreak 09/05/2024,2,https://pennlivearts.org/events/college-students.php?utm_source=students&utm_medium=email&utm_campaign=34st,28,18,0.017665615141955835,0.019271948608137045
fd2982d097,DP Daybreak 09/05/2024,3,https://universityrealtyapartments.com/,21,15,0.013249211356466877,0.016059957173447537
fd2982d097,DP Daybreak 09/05/2024,4,http://dominos.com/,23,14,0.014511041009463722,0.014989293361884369
506570cca9,DP Daybreak 09/06/2024,1,https://universityrealtyapartments.com/,16,13,0.006672226855713094,0.009572901325478646
506570cca9,DP Daybreak 09/06/2024,2,http://dominos.com/,5,4,0.002085070892410342,0.0029455081001472753
506570cca9,DP Daybreak 09/06/2024,3,https://docs.google.com/forms/d/e/1FAIpQLSfcS0PZuVm1UWfX1JhggNO2F4UmSWbXWIKRMsszbn6oCYG0GA/viewform?usp=sf_link,10,8,0.004170141784820684,0.005891016200294551
4c7fa33a1e,DP Daybreak 09/09/2024,1,https://universityrealtyapartments.com/,78,70,0.03281447202355911,0.044585987261146494
4c7fa33a1e,DP Daybreak 09/09/2024,2,http://dominos.com/,6,4,0.002524190155658393,0.0025477707006369425
8214ce0fc4,DP Daybreak 09/10/2024,1,https://www.forwardblue.org/register?campaign=ads_ms_FWDB_20240905-PER-FlyteDesk-VoterRegistration-PA,150,111,0.03800354699771979,0.04745617785378367
8214ce0fc4,DP Daybreak 09/10/2024,2,https://universityrealtyapartments.com/,85,73,0.02153534329870788,0.031209918768704575
8214ce0fc4,DP Daybreak 09/10/2024,3,http://dominos.com/,10,8,0.002533569799847986,0.003420265070542967
f30538689e,DP Daybreak 09/11/2024,1,https://www.lps.upenn.edu/hs/pre-health?utm_campaign=pre_health_daily_pennsylvanian&utm_source=ppc&utm_medium=enews%20banner&utm_term=aug24&utm_content=pre_health_daily_pennsylvanian,94,82,0.024775962045334738,0.03552859618717504
f30538689e,DP Daybreak 09/11/2024,2,http://dominos.com/,7,6,0.0018450184501845018,0.0025996533795493936
f30538689e,DP Daybreak 09/11/2024,3,https://universityrealtyapartments.com/,6,5,0.0015814443858724301,0.002166377816291161
db472926c0,DP Daybreak 09/12/2024,1,https://kamalaharris.com/welcome-back-to-campus/?utm_medium=display&utm_source=4725973&utm_content=402985011-221197279&utm_term=127399&utm_campaign=CampusOOH-2024,194,125,0.045571999060371154,0.05223568742164647
db472926c0,DP Daybreak 09/12/2024,2,https://universityrealtyapartments.com/,72,64,0.016913319238900635,0.026744671959882994
db472926c0,DP Daybreak 09/12/2024,3,http://dominos.com,71,43,0.016678412027249238,0.017969076473046384
3ab677dadc,DP Daybreak 09/13/2024 (FRIDAY),1,https://universityrealtyapartments.com/,83,76,0.03774442928603911,0.054636951833213515
3ab677dadc,DP Daybreak 09/13/2024 (FRIDAY),2,http://dominos.com/,8,6,0.0036380172805820826,0.004313443565780014
b8e09d7361,DP Daybreak 09/16/2024 (MONDAY),1,https://global.upenn.edu/pennabroad/event/fair,88,74,0.031711711711711714,0.04539877300613497
b8e09d7361,DP Daybreak 09/16/2024 (MONDAY),2,https://universityrealtyapartments.com/,75,66,0.02702702702702703,0.04049079754601227
b8e09d7361,DP Daybreak 09/16/2024 (MONDAY),3,http://dominos.com/,4,4,0.0014414414414414415,0.00245398773006135
b20fb8e026,DP Daybreak 09/17/2024,1,https://ad.doubleclick.net/ddm/trackclk/N5778.3292267FLYTEDESK/B32459594.402985011;dc_trk_aid=594647094;dc_trk_cid=221197279;dc_lat=;dc_rdid=;tag_for_child_directed_treatment=;tfua=;gdpr=${GDPR};gdpr_consent=${GDPR_CONSENT_755};ltd=;dc_tdv=1,88,78,0.031609195402298854,0.04642857142857143
b20fb8e026,DP Daybreak 09/17/2024,2,https://global.upenn.edu/pennabroad/event/fair,88,75,0.031609195402298854,0.044642857142857144
b20fb8e026,DP Daybreak 09/17/2024,3,https://universityrealtyapartments.com/,9,6,0.003232758620689655,0.0035714285714285713
b20fb8e026,DP Daybreak 09/17/2024,4,http://dominos.com/,4,4,0.0014367816091954023,0.002380952380952381
5d509b9fb9,DP Daybreak 09/18/2024,1,https://www.lps.upenn.edu/hs/pre-health?utm_campaign=pre_health_daily_pennsylvanian&utm_source=ppc&utm_medium=enews%20banner&utm_term=aug24&utm_content=p,85,77,0.032805866460825936,0.048672566371681415
5d509b9fb9,DP Daybreak 09/18/2024,2,https://global.upenn.edu/pennabroad/event/fair,73,66,0.028174450019297567,0.041719342604298354
5d509b9fb9,DP Daybreak 09/18/2024,3,https://universityrealtyapartments.com/,12,8,0.004631416441528367,0.0050568900126422255
5d509b9fb9,DP Daybreak 09/18/2024,4,http://dominos.com/,6,6,0.0023157082207641835,0.0037926675094816687
f481a080a0,DP Daybreak 09/19/2024,1,https://www.forwardblue.org/register?campaign=ads_ms_FWDB_20240905-PER-FlyteDesk-VoterRegistration-PA,91,73,0.03812316715542522,0.04942450914014895
f481a080a0,DP Daybreak 09/19/2024,2,https://global.upenn.edu/pennabroad/event/fair,9,7,0.003770423125261835,0.004739336492890996
f481a080a0,DP Daybreak 09/19/2024,3,https://universityrealtyapartments.com/,6,6,0.0025136154168412233,0.004062288422477996
f481a080a0,DP Daybreak 09/19/2024,4,http://dominos.com/,5,5,0.0020946795140343527,0.003385240352064997
97670d488e,DP Daybreak 09/20/2024,1,https://www.forwardblue.org/register?campaign=ads_ms_FWDB_20240905-PER-FlyteDesk-VoterRegistration-PA,25,15,0.01339764201500536,0.014492753623188406
97670d488e,DP Daybreak 09/20/2024,2,https://l.instagram.com/?u=https%3A%2F%2Fstudentelections-test.apps.upenn.edu%2FstudentElections%2Fjsp%2Ffast2.do&e=AT1mf4x7A9DruTffVQ1irLwEE4q_IfXHI_iy0yf2cboD9SOQapcG50_zNlKfL7fwBcb7luSsl8D2qR1wTWDgGx_a2z7eqYNUa7zGzHw,11,6,0.005894962486602358,0.005797101449275362
97670d488e,DP Daybreak 09/20/2024,3,https://global.upenn.edu/pennabroad/event/fair,6,6,0.003215434083601286,0.005797101449275362
97670d488e,DP Daybreak 09/20/2024,4,http://dominos.com/,11,7,0.005894962486602358,0.00676328502415459
d09bf18ad9,DP Daybreak 09/23/2024,1,https://universityrealtyapartments.com/,39,24,0.01867816091954023,0.02023608768971332
d09bf18ad9,DP Daybreak 09/23/2024,2,http://dominos.com/,5,5,0.0023946360153256703,0.0042158516020236085
f52532ea0c,DP Daybreak 09/24/2024,1,https://universityrealtyapartments.com/,26,15,0.009430540442509974,0.009689922480620155
f52532ea0c,DP Daybreak 09/24/2024,2,http://dominos.com/,29,20,0.01051867972433805,0.012919896640826873
4e42058e2d,DP Daybreak 09/25/2024,1,https://www.forwardblue.org/register?campaign=ads_ms_FWDB_20240905-PER-FlyteDesk-VoterRegistration-PA,96,80,0.028811524609843937,0.03681546249424758
4e42058e2d,DP Daybreak 09/25/2024,2,https://www.lps.upenn.edu/non-degree-programs/pre-health/events?utm_campaign=pre_health_daily_pennsylvanian&utm_source=ppc&utm_medium=enews%20banner&utm_term=aug24&utm_content=pre_health_daily_pennsylvanian,18,13,0.005402160864345739,0.005982512655315232
4e42058e2d,DP Daybreak 09/25/2024,3,https://universityrealtyapartments.com/,21,14,0.0063025210084033615,0.006442705936493327
4e42058e2d,DP Daybreak 09/25/2024,4,http://dominos.com/,15,10,0.004501800720288115,0.004601932811780948
f097af99df,DP Daybreak 09/26/2024 (Thursday),1,https://www.forwardblue.org/register?campaign=ads_ms_FWDB_20240905-PER-FlyteDesk-VoterRegistration-PA,18,16,0.010078387458006719,0.01556420233463035
f097af99df,DP Daybreak 09/26/2024 (Thursday),2,https://universityrealtyapartments.com/,4,4,0.0022396416573348264,0.0038910505836575876
f097af99df,DP Daybreak 09/26/2024 (Thursday),3,http://dominos.com/,8,5,0.004479283314669653,0.0048638132295719845
dcaf013c7e,DP Daybreak 09/27/2024 (FRIDAY),1,https://africana.sas.upenn.edu/events/2024/10/21/4th-annual-distinguished-lecture-african-studies,21,17,0.013662979830839297,0.01901565995525727
dcaf013c7e,DP Daybreak 09/27/2024 (FRIDAY),2,https://universityrealtyapartments.com/,4,4,0.002602472348731295,0.0044742729306487695
dcaf013c7e,DP Daybreak 09/27/2024 (FRIDAY),3,http://dominos.com,11,9,0.0071567989590110605,0.010067114093959731
f142b68c69,DP Daybreak 09/30/2024,1,https://nextgenamerica.org/register/?utm_source=keyword&utm_medium=sms&utm_campaign=OOHPA,26,20,0.01010886469673406,0.012763241863433313
f142b68c69,DP Daybreak 09/30/2024,2,https://universityrealtyapartments.com/,6,5,0.0023328149300155523,0.003190810465858328
f142b68c69,DP Daybreak 09/30/2024,3,http://dominos.com/,8,6,0.003110419906687403,0.0038289725590299937
d4ec3180be,DP Daybreak 10/01/2024,1,https://nextgenamerica.org/register/?utm_source=keyword&utm_medium=sms&utm_campaign=OOHPA,27,19,0.017635532331809273,0.020697167755991286
d4ec3180be,DP Daybreak 10/01/2024,2,https://universityrealtyapartments.com/,4,4,0.002612671456564337,0.004357298474945534
d4ec3180be,DP Daybreak 10/01/2024,3,http://dominos.com/,4,4,0.002612671456564337,0.004357298474945534
648599f8ea,DP Daybreak 10/02/2024,1,https://www.forwardblue.org/register?campaign=ads_ms_FWDB_20240905-PER-FlyteDesk-VoterRegistration-PA,32,23,0.01861547411285631,0.022094140249759846
648599f8ea,DP Daybreak 10/02/2024,2,https://www.lps.upenn.edu/non-degree-programs/pre-health/events?utm_campaign=pre_health_daily_pennsylvanian&utm_source=ppc&utm_medium=enews%20banner&utm_term=aug24&utm_content=pre_health_daily_pennsylvanian,16,9,0.009307737056428156,0.008645533141210375
648599f8ea,DP Daybreak 10/02/2024,3,https://www.sas.upenn.edu/events/penn-science-cafe-plants-warming-planet,9,6,0.005235602094240838,0.005763688760806916
648599f8ea,DP Daybreak 10/02/2024,4,https://pan-school.sas.upenn.edu/events/15-minute-climate-lectures-2,4,4,0.002326934264107039,0.0038424591738712775
648599f8ea,DP Daybreak 10/02/2024,5,http://quakercreative.com/events,7,6,0.004072134962187318,0.005763688760806916
6f3af4f1c4,DP Daybreak - 10/07/2024,1,https://www.forwardblue.org/register?campaign=ads_ms_FWDB_20240905-PER-FlyteDesk-VoterRegistration-PA,39,19,0.023911710606989576,0.021541950113378686
6f3af4f1c4,DP Daybreak - 10/07/2024,2,https://www.shopsatpenn.com/,8,7,0.004904966278356836,0.007936507936507936
6f3af4f1c4,DP Daybreak - 10/07/2024,3,https://universityrealtyapartments.com/,13,8,0.00797057020232986,0.009070294784580499
6f3af4f1c4,DP Daybreak - 10/07/2024,4,http://quakercreative.com/events,21,18,0.012875536480686695,0.02040816326530612
7d0aa44b3b,DP Daybreak 10/08/2024,1,https://www.forwardblue.org/register?campaign=ads_ms_FWDB_20240905-PER-FlyteDesk-VoterRegistration-PA,95,80,0.03281519861830743,0.04446914952751529
7d0aa44b3b,DP Daybreak 10/08/2024,2,https://www.sas.upenn.edu/events/penn-science-cafe-plants-warming-planet,76,68,0.026252158894645942,0.03779877709838799
7d0aa44b3b,DP Daybreak 10/08/2024,3,https://universityrealtyapartments.com/,12,9,0.004145077720207254,0.005002779321845469
7d0aa44b3b,DP Daybreak 10/08/2024,4,http://quakercreative.com/events,21,12,0.007253886010362694,0.006670372429127293
96d10b9ef8,DP Daybreak 10/10/2024,1,https://nextgenamerica.org/register/?utm_source=keyword&utm_medium=sms&utm_campaign=OOHPA,31,27,0.022997032640949554,0.031578947368421054
96d10b9ef8,DP Daybreak 10/10/2024,2,https://www.sas.upenn.edu/events/15-minute-climate-lectures-2,8,6,0.005934718100890208,0.007017543859649123
96d10b9ef8,DP Daybreak 10/10/2024,3,http://dominos.com/,9,5,0.0066765578635014835,0.005847953216374269
96d10b9ef8,DP Daybreak 10/10/2024,4,http://quakercreative.com/events,3,3,0.002225519287833828,0.0035087719298245615
f6de441815,DP Daybreak 10/11/2024,1,https://nextgenamerica.org/register/?utm_source=keyword&utm_medium=sms&utm_campaign=OOHPA,38,38,0.026517794836008374,0.039832285115303984
f6de441815,DP Daybreak 10/11/2024,2,https://africana.sas.upenn.edu/events/2024/10/21/4th-annual-distinguished-lecture-african-studies,6,5,0.00418702023726448,0.005241090146750524
f6de441815,DP Daybreak 10/11/2024,3,https://www.livecampusapts.com/contact/,27,16,0.01884159106769016,0.016771488469601678
f6de441815,DP Daybreak 10/11/2024,4,http://dominos.com,4,4,0.0027913468248429866,0.0041928721174004195
53905666d7,DP Daybreak 10/14/2024,1,https://nextgenamerica.org/register/?utm_source=keyword&utm_medium=sms&utm_campaign=OOHPA,52,50,0.030642309958750738,0.04440497335701599
53905666d7,DP Daybreak 10/14/2024,2,https://www.sas.upenn.edu/events/penn-science-cafe-plants-warming-planet,12,10,0.007071302298173247,0.008880994671403197
53905666d7,DP Daybreak 10/14/2024,3,https://www.livecampusapts.com/contact/,6,5,0.0035356511490866236,0.004440497335701598
53905666d7,DP Daybreak 10/14/2024,4,http://dominos.com,4,4,0.002357100766057749,0.003552397868561279
f636f03b1f,DP Daybreak 10/15/2024,1,https://nextgenamerica.org/register/?utm_source=keyword&utm_medium=sms&utm_campaign=OOHPA,72,62,0.03119584055459272,0.043085476025017375
f636f03b1f,DP Daybreak 10/15/2024,2,https://www.thelinden.life/,20,16,0.008665511265164644,0.011118832522585128
f636f03b1f,DP Daybreak 10/15/2024,3,https://www.shopsatpenn.com/,16,11,0.006932409012131715,0.007644197359277276
f636f03b1f,DP Daybreak 10/15/2024,4,http://dominos.com,18,17,0.00779896013864818,0.0118137595552467
8efdff2af4,DP Daybreak 10/16/2024,1,https://www.forwardblue.org/register?campaign=ads_ms_FWDB_20240905-PER-FlyteDesk-VoterRegistration-PA,142,99,0.055231427460132244,0.06203007518796992
8efdff2af4,DP Daybreak 10/16/2024,2,https://www.sas.upenn.edu/events/15-minute-climate-lectures-2,25,22,0.009723842862699339,0.013784461152882205
8efdff2af4,DP Daybreak 10/16/2024,3,https://dpn.ceo.getsnworks.com/ceo/content/823c6854-cfd2-4cec-afed-ce69d5b9465f,352,140,0.1369117075068067,0.08771929824561403
8efdff2af4,DP Daybreak 10/16/2024,4,https://www.penn.museum/events/recharge?utm_campaign=programs&utm_source=email&utm_medium=daily%20pennsylvanian&utm_term=mmr&utm_content=october%202024,16,11,0.006223259432127577,0.006892230576441102
8efdff2af4,DP Daybreak 10/16/2024,5,https://www.lps.upenn.edu/hs/pre-health?utm_campaign=pre_health_daily_pennsylvanian&utm_source=ppc&utm_medium=enews%20banner&utm_term=aug24&utm_content=pre_health_daily_pennsylvanian,17,16,0.0066122131466355505,0.010025062656641603
d97a77e7f2,DP Daybreak 10/17/2024,1,http://nextgenamerica.org,155,136,0.029168234851336093,0.04328453214513049
d97a77e7f2,DP Daybreak 10/17/2024,2,http://dominos.com/,422,241,0.07941287165976665,0.07670273711012095
d97a77e7f2,DP Daybreak 10/17/2024,3,https://universityrealtyapartments.com/,127,56,0.023899134362062476,0.01782304264799491
7883d4ee30,DP Daybreak 10/18/2024,1,http://nextgenamerica.org/,99,88,0.03996770286637061,0.05402087170042971
7883d4ee30,DP Daybreak 10/18/2024,2,https://universityrealtyapartments.com/,15,9,0.006055712555510699,0.0055248618784530384
7883d4ee30,DP Daybreak 10/18/2024,3,http://dominos.com/,8,3,0.003229713362939039,0.001841620626151013
31eebde78f,DP Daybreak 10/21/2024,1,https://www.forwardblue.org/register?campaign=ads_ms_FWDB_20240905-PER-FlyteDesk-VoterRegistration-PA,5,5,0.058823529411764705,0.07936507936507936
31eebde78f,DP Daybreak 10/21/2024,2,https://nextgenamerica.org/vote/?utm_source=ad-flytedesk&utm_campaign=abortion,0,0,0.0,0.0
31eebde78f,DP Daybreak 10/21/2024,3,https://nextgenamerica.org/pennsylvania-general-election-voting-guide-2024/?utm_source=web&utm_medium=email&utm_campaign=OOHPA,0,0,0.0,0.0
fc6a20350c,DP Daybreak 10/21/2024 (copy 01),1,https://www.forwardblue.org/register?campaign=ads_ms_FWDB_20240905-PER-FlyteDesk-VoterRegistration-PA,65,61,0.043074884029158385,0.057547169811320756
fc6a20350c,DP Daybreak 10/21/2024 (copy 01),2,https://nextgenamerica.org/vote/?utm_source=ad-flytedesk&utm_campaign=abortion,5,5,0.0033134526176275677,0.0047169811320754715
fc6a20350c,DP Daybreak 10/21/2024 (copy 01),3,https://nextgenamerica.org/pennsylvania-general-election-voting-guide-2024/?utm_source=web&utm_medium=email&utm_campaign=OOHPA,9,6,0.005964214711729622,0.005660377358490566
78d4877c10,DP Daybreak 10/22/2024,1,https://nextgenamerica.org/vote/?utm_source=ad-flytedesk&utm_campaign=abortion,155,130,0.05866767600302801,0.07415858528237307
78d4877c10,DP Daybreak 10/22/2024,2,https://urldefense.com/v3/__https://theDP.us2.list-manage.com/track/click?u=a96885e3aa3f8131c872ee329&id=ddd0bd9a5f&e=d5e786c87c__;!!IBzWLUs!QN2Fr361fgGZ9OBsk1NJEAqnHnzBnX5A0cHnyrkIz74VtezonyrPZbvY1bXk7DSCh5U-9lzcg-lpsP6nFGMiIVER$,191,137,0.07229371688115065,0.07815173987450086
78d4877c10,DP Daybreak 10/22/2024,3,https://nextgenamerica.org/vote/?utm_source=ad-flytedesk&utm_campaign=climate,6,5,0.002271006813020439,0.002852253280091272
78d4877c10,DP Daybreak 10/22/2024,4,https://nextgenamerica.org/pennsylvania-general-election-voting-guide-2024/?utm_source=web&utm_medium=email&utm_campaign=OOHPA,5,5,0.0018925056775170325,0.002852253280091272
78d4877c10,DP Daybreak 10/22/2024,5,https://www.shopsatpenn.com/,5,5,0.0018925056775170325,0.002852253280091272
b207d12ded,DP Daybreak 10/23/2024,1,https://nextgenamerica.org/vote/?utm_source=ad-flytedesk&utm_campaign=climate,73,66,0.024422883907661425,0.03488372093023256
b207d12ded,DP Daybreak 10/23/2024,2,https://nextgenamerica.org/vote/?utm_source=ad-flytedesk&utm_campaign=costs,6,6,0.0020073603211776514,0.003171247357293869
b207d12ded,DP Daybreak 10/23/2024,3,https://www.lps.upenn.edu/non-degree-programs/pre-health/events?utm_campaign=pre_health_daily_pennsylvanian&utm_source=ppc&utm_medium=enews%20banner&utm_term=aug24&utm_content=pre_health_daily_pennsylvanian,4,4,0.0013382402141184342,0.0021141649048625794
b207d12ded,DP Daybreak 10/23/2024,4,https://host.nxt.blackbaud.com/donor-form/?svcid=tcs&formId=ab9c0c00-775d-4569-bd3d-d50a1cfce308&envid=p-BbGbRoTNyEqlmBrbIkE5nw&zone=usa,11,8,0.0036801605888256944,0.004228329809725159
43d74a8ab3,DP Daybreak 10/24/2024,1,https://nextgenamerica.org/vote/?utm_source=ad-flytedesk&utm_campaign=costs,88,83,0.03536977491961415,0.05327342747111682
43d74a8ab3,DP Daybreak 10/24/2024,2,https://nextgenamerica.org/pennsylvania-general-election-voting-guide-2024/?utm_source=web&utm_medium=email&utm_campaign=OOHPA,56,55,0.022508038585209004,0.03530166880616174
43d74a8ab3,DP Daybreak 10/24/2024,3,https://www.voteamerica.org/students/,7,5,0.0028135048231511255,0.003209242618741977
43d74a8ab3,DP Daybreak 10/24/2024,4,http://dominos.com/,8,7,0.003215434083601286,0.004492939666238768
95f7f3871e,DP Daybreak 10/25/2024,1,https://nextgenamerica.org/vote/?utm_source=ad-flytedesk&utm_campaign=climate,153,101,0.06317093311312964,0.06491002570694088
95f7f3871e,DP Daybreak 10/25/2024,2,https://nextgenamerica.org/pennsylvania-general-election-voting-guide-2024/?utm_source=web&utm_medium=email&utm_campaign=OOHPA,9,9,0.0037159372419488025,0.005784061696658098
95f7f3871e,DP Daybreak 10/25/2024,3,https://host.nxt.blackbaud.com/donor-form/?svcid=tcs&formId=7c845436-5de8-4e1d-acc6-9ccb2919ff5e&envid=p-BbGbRoTNyEqlmBrbIkE5nw&zone=usa,89,47,0.03674649050371594,0.030205655526992288
a1f2398905,DP Daybreak 10/28/2024,1,https://www.voteamerica.org/students/,72,59,0.03059923501912452,0.04002713704206241
a1f2398905,DP Daybreak 10/28/2024,2,https://nextgenamerica.org/pennsylvania-general-election-voting-guide-2024/?utm_source=web&utm_medium=email&utm_campaign=OOHPA,4,4,0.0016999575010624734,0.0027137042062415195
a1f2398905,DP Daybreak 10/28/2024,3,https://nextgenamerica.org/vote/?utm_source=ad-flytedesk&utm_campaign=abortion,6,6,0.0025499362515937103,0.004070556309362279
a1f2398905,DP Daybreak 10/28/2024,4,http://voteamerica.org/students,6,5,0.0025499362515937103,0.0033921302578018998
a1f2398905,DP Daybreak 10/28/2024,5,https://universitycityhousing.com/,3,3,0.0012749681257968552,0.0020352781546811396
a1f2398905,DP Daybreak 10/28/2024,6,https://www.universitycityassociates.com/corporate-contact/,6,5,0.0025499362515937103,0.0033921302578018998
bf3eae8de0,DP Daybreak 10/29/2024,1,https://www.voteamerica.org/students/,144,130,0.03936577364680153,0.05114083398898505
bf3eae8de0,DP Daybreak 10/29/2024,2,https://nextgenamerica.org/vote/?utm_source=ad-flytedesk&utm_campaign=climate,69,63,0.0188627665390924,0.024783634933123525
bf3eae8de0,DP Daybreak 10/29/2024,3,https://nextgenamerica.org/vote/?utm_source=ad-flytedesk&utm_campaign=costs,6,5,0.0016402405686167304,0.001966955153422502
bf3eae8de0,DP Daybreak 10/29/2024,4,https://www.thelinden.life/,7,5,0.0019136139967195188,0.001966955153422502
bf3eae8de0,DP Daybreak 10/29/2024,5,https://nextgenamerica.org/pennsylvania-general-election-voting-guide-2024/?utm_source=web&utm_medium=email&utm_campaign=OOHPA,3,3,0.0008201202843083652,0.0011801730920535012
bf3eae8de0,DP Daybreak 10/29/2024,6,https://www.shopsatpenn.com/,9,5,0.0024603608529250955,0.001966955153422502
d1863cd703,DP Daybreak 10/30/2024,1,https://www.voteamerica.org/students/,145,122,0.051381998582565556,0.061960385982732354
d1863cd703,DP Daybreak 10/30/2024,2,https://nextgenamerica.org/pennsylvania-general-election-voting-guide-2024/?utm_source=web&utm_medium=email&utm_campaign=OOHPA,26,15,0.009213323883770375,0.007618080243778568
d1863cd703,DP Daybreak 10/30/2024,3,https://nextgenamerica.org/vote/?utm_source=ad-flytedesk&utm_campaign=costs,6,5,0.002126151665485471,0.0025393600812595226
d1863cd703,DP Daybreak 10/30/2024,4,https://www.lps.upenn.edu/non-degree-programs/pre-health/events?utm_campaign=pre_health_daily_pennsylvanian&utm_source=ppc&utm_medium=enews%20banner&utm_term=aug24&utm_content=pre_health_daily_pennsylvanian,17,17,0.006024096385542169,0.008633824276282377
d1863cd703,DP Daybreak 10/30/2024,5,https://www.livecampusapts.com/contact/,65,35,0.02303330970942594,0.017775520568816656
637dd2b0ff,DP Daybreak 10/31/2024,1,https://www.voteamerica.org/students/,73,67,0.028526768268855023,0.04143475572047001
637dd2b0ff,DP Daybreak 10/31/2024,2,https://nextgenamerica.org/pennsylvania-general-election-voting-guide-2024/?utm_source=web&utm_medium=email&utm_campaign=OOHPA,8,6,0.0031262211801484957,0.0037105751391465678
637dd2b0ff,DP Daybreak 10/31/2024,3,https://nextgenamerica.org/vote/?utm_source=ad-flytedesk&utm_campaign=abortion,5,4,0.0019538882375928096,0.0024737167594310453
637dd2b0ff,DP Daybreak 10/31/2024,4,http://voteamerica.org/students,4,4,0.0015631105900742479,0.0024737167594310453
637dd2b0ff,DP Daybreak 10/31/2024,5,https://www.livecampusapts.com/contact/,8,6,0.0031262211801484957,0.0037105751391465678
637dd2b0ff,DP Daybreak 10/31/2024,6,http://dominos.com/,4,4,0.0015631105900742479,0.0024737167594310453
d74a5ea481,DP Daybreak 11/01/2024,1,https://www.voteamerica.org/students/,90,85,0.04862236628849271,0.0643451930355791
d74a5ea481,DP Daybreak 11/01/2024,2,http://voteamerica.org/students,6,5,0.0032414910858995136,0.003785011355034065
d74a5ea481,DP Daybreak 11/01/2024,3,https://nextgenamerica.org/vote/?utm_source=ad-flytedesk&utm_campaign=climate,8,6,0.004321988114532685,0.004542013626040878
d74a5ea481,DP Daybreak 11/01/2024,4,https://nextgenamerica.org/pennsylvania-general-election-voting-guide-2024/?utm_source=web&utm_medium=email&utm_campaign=OOHPA,7,5,0.0037817396002160996,0.003785011355034065
d74a5ea481,DP Daybreak 11/01/2024,5,https://www.youtube.com/watch?v=4NBYxXTvqMQ,18,12,0.009724473257698542,0.009084027252081756
264c504a6b,DP Daybreak 11/04/2024 AM,1,https://nextgenamerica.org/vote/,86,76,0.03109182935647144,0.044548651817116064
264c504a6b,DP Daybreak 11/04/2024 AM,2,https://iwillvote.com/pa,19,11,0.006869125090383225,0.006447831184056272
264c504a6b,DP Daybreak 11/04/2024 AM,3,https://nextgenamerica.org/pennsylvania-general-election-voting-guide-2024/?utm_source=web&utm_medium=email&utm_campaign=OOHPA,14,8,0.005061460592913955,0.004689331770222743
0ef1365822,DP Daybreak 11/04/2024 PM,1,https://nextgenamerica.org/pennsylvania-general-election-voting-guide-2024/?utm_source=web&utm_medium=email&utm_campaign=OOHPA,161,146,0.076158940397351,0.09293443666454487
0ef1365822,DP Daybreak 11/04/2024 PM,2,https://www.weareplannedparenthoodaction.org/a/gen-action,58,32,0.027436140018921477,0.020369191597708464
8cb22fc00e,DP Daybreak 11/05/2024 AM,1,https://iwillvote.com/pa,127,119,0.0996078431372549,0.10917431192660551
8cb22fc00e,DP Daybreak 11/05/2024 AM,2,https://www.weareplannedparenthoodaction.org/a/gen-action,100,99,0.0784313725490196,0.0908256880733945
92cf73787b,DP Daybreak 11/05/2025 PM,1,https://nextgenamerica.org/pennsylvania-general-election-voting-guide-2024/?utm_source=web&utm_medium=email&utm_campaign=OOHPA,159,130,0.06940200785683108,0.0798035604665439
92cf73787b,DP Daybreak 11/05/2025 PM,2,https://www.pa.gov/en/services/vote/find-your-local-polling-place.html,140,118,0.06110868616324749,0.07243707796193984
92cf73787b,DP Daybreak 11/05/2025 PM,3,https://iwillvote.com/pa,78,66,0.034046268005237884,0.040515653775322284
92cf73787b,DP Daybreak 11/05/2025 PM,4,https://dpn.ceo.getsnworks.com/ceo/content/f94567dd-a2bb-414c-86e7-8db8bcd776b2,74,34,0.032300305543430816,0.020871700429711478
451df37b8e,DP Daybreak 11/06/2024,1,https://www.sas.upenn.edu/events/knowledge-slice-election-roundtable-look-2024-presidential-election,81,80,0.046875,0.06722689075630252
451df37b8e,DP Daybreak 11/06/2024,2,https://www.shopsatpenn.com/,9,7,0.005208333333333333,0.0058823529411764705
451df37b8e,DP Daybreak 11/06/2024,3,https://host.nxt.blackbaud.com/donor-form/?svcid=tcs&formId=ab9c0c00-775d-4569-bd3d-d50a1cfce308&envid=p-BbGbRoTNyEqlmBrbIkE5nw&zone=usa,5,5,0.0028935185185185184,0.004201680672268907
47949f7937,DP Daybreak 11/07/2024,1,https://www.universitycityassociates.com/corporate-contact/,116,112,0.03535507467235599,0.04884430876580898
4aa209e494,DP Daybreak 11/08/2024,1,https://www.sas.upenn.edu/events/knowledge-slice-election-roundtable-look-2024-presidential-election,197,192,0.060299969390878484,0.07950310559006211
4aa209e494,DP Daybreak 11/08/2024,2,https://www.universitycityassociates.com/corporate-contact/,16,9,0.004897459442913988,0.0037267080745341614
aa63bb19ca,DP Daybreak 11/11/2024,1,https://www.universitycityhousing.com/,21,17,0.018134715025906734,0.02364394993045897
aa63bb19ca,DP Daybreak 11/11/2024,2,https://www.surveymonkey.com/r/79L7K5B,15,10,0.012953367875647668,0.013908205841446454
85b193b5b9,DP Daybreak 11/12/2024,1,https://www.thelinden.life/,84,75,0.01943994445730155,0.02927400468384075
85b193b5b9,DP Daybreak 11/12/2024,2,https://www.sas.upenn.edu/events/knowledge-slice-election-roundtable-look-2024-presidential-election,94,80,0.02175422355936126,0.0312256049960968
85b193b5b9,DP Daybreak 11/12/2024,3,https://www.surveymonkey.com/r/79L7K5B,13,9,0.003008562832677621,0.00351288056206089
85b193b5b9,DP Daybreak 11/12/2024,4,https://youtu.be/JJJDke7QjQI,15,7,0.0034714186530895625,0.00273224043715847
de917611b0,DP Daybreak 11/13/2024,1,https://www.classics.upenn.edu/events/penn-public-lectures-classical-antiquity-and-contemporary-world/professional-classical,20,16,0.013089005235602094,0.018369690011481057
de917611b0,DP Daybreak 11/13/2024,2,https://www.surveymonkey.com/r/79L7K5B,19,12,0.012434554973821989,0.013777267508610792
de917611b0,DP Daybreak 11/13/2024,3,http://dailypennalumni.com,7,6,0.004581151832460733,0.006888633754305396
bf10925ac1,DP Daybreak 11/14/2024,1,https://www.sas.upenn.edu/events/knowledge-slice-election-roundtable-look-2024-presidential-election,110,92,0.04430124848973017,0.059469941822882996
bf10925ac1,DP Daybreak 11/14/2024,2,https://www.shopsatpenn.com/,76,66,0.030608135320177206,0.04266321913380737
bf10925ac1,DP Daybreak 11/14/2024,3,https://www.surveymonkey.com/r/79L7K5B,16,9,0.00644381796214257,0.005817711700064641
bf10925ac1,DP Daybreak 11/14/2024,4,http://dailypennalumni.com/,64,37,0.02577527184857028,0.023917259211376857
4b4e5b3741,DP Daybreak 11/15/2024,1,https://www.surveymonkey.com/r/79L7K5B,16,14,0.0111731843575419,0.015909090909090907
4b4e5b3741,DP Daybreak 11/15/2024,2,http://dailypennalumni.com/,16,11,0.0111731843575419,0.0125
dd742a4bb6,DP Daybreak 11/18/2024,1,https://www.classics.upenn.edu/events/penn-public-lectures-classical-antiquity-and-contemporary-world/professional-classical,261,240,0.06108120758249473,0.08670520231213873
dd742a4bb6,DP Daybreak 11/18/2024,2,https://www.surveymonkey.com/r/79L7K5B,5,5,0.0011701380762930026,0.0018063583815028901
e9d8b7dc8c,DP Daybreak 11/19/2024,1,http://dominos.com,362,350,0.1026368018145733,0.13855898653998416
e9d8b7dc8c,DP Daybreak 11/19/2024,2,https://www.surveymonkey.com/r/79L7K5B,10,8,0.002835270768358378,0.003167062549485352
7e9f499aae,DP Daybreak 11/20/2024,1,https://www.classics.upenn.edu/events/penn-public-lectures-classical-antiquity-and-contemporary-world/professional-classical,14,13,0.006334841628959276,0.009818731117824773
7e9f499aae,DP Daybreak 11/20/2024,2,http://dominos.com/,5,5,0.0022624434389140274,0.0037764350453172208
1e06edc45f,DP Daybreak 11/21/2024,1,http://dominos.com,23,23,0.012672176308539946,0.021967526265520534
5c192db82b,DP Daybreak 11/22/2024,1,https://www.shopsatpenn.com/,11,11,0.006351039260969977,0.010978043912175649
4832b557ee,DP Daybreak 11/25/2024,1,https://www.business-services.upenn.edu/limited-time-offer-13-inch-macbook-air-m3-chip,16,13,0.0079960019990005,0.01086048454469507
4832b557ee,DP Daybreak 11/25/2024,2,https://www.business-services.upenn.edu/penn-bookstore-annual-winter-sale-bration,15,10,0.0074962518740629685,0.00835421888053467
4832b557ee,DP Daybreak 11/25/2024,3,https://www.shopsatpenn.com/,12,8,0.005997001499250375,0.006683375104427736
6fca0714a9,DP Daybreak 11/26/2024,1,https://www.thelinden.life/,91,83,0.049917718047174986,0.0667739340305712
6fca0714a9,DP Daybreak 11/26/2024,2,https://www.business-services.upenn.edu/limited-time-offer-13-inch-macbook-air-m3-chip,15,10,0.008228195282501372,0.008045052292839904
6fca0714a9,DP Daybreak 11/26/2024,3,https://www.business-services.upenn.edu/penn-bookstore-annual-winter-sale-bration,24,18,0.013165112452002194,0.014481094127111826
02bcf0cd03,DP Daybreak 12/02/2024,1,https://host.nxt.blackbaud.com/adaptive-donor-form/?formId=507dd4c6-8c05-4e91-8e68-6ec186927629&envid=p-BbGbRoTNyEqlmBrbIkE5nw&zone=usa,30,20,0.020604395604395604,0.023094688221709007
02bcf0cd03,DP Daybreak 12/02/2024,2,https://www.business-services.upenn.edu/penn-bookstore-annual-winter-sale-bration,14,9,0.009615384615384616,0.010392609699769052
02bcf0cd03,DP Daybreak 12/02/2024,3,https://www.business-services.upenn.edu/limited-time-offer-13-inch-macbook-air-m3-chip,7,7,0.004807692307692308,0.008083140877598153
02bcf0cd03,DP Daybreak 12/02/2024,4,http://dominos.com,5,5,0.003434065934065934,0.005773672055427252
79e67aaee3,DP Daybreak 12/03/2024,1,https://www.shopsatpenn.com/,15,14,0.00916310323762981,0.016036655211912942
79e67aaee3,DP Daybreak 12/03/2024,2,https://host.nxt.blackbaud.com/adaptive-donor-form/?formId=507dd4c6-8c05-4e91-8e68-6ec186927629&envid=p-BbGbRoTNyEqlmBrbIkE5nw&zone=usa,6,6,0.0036652412950519244,0.006872852233676976
69015ff217,DP Daybreak 12/04/2024,1,https://host.nxt.blackbaud.com/adaptive-donor-form/?formId=507dd4c6-8c05-4e91-8e68-6ec186927629&envid=p-BbGbRoTNyEqlmBrbIkE5nw&zone=usa,29,21,0.015608180839612486,0.020958083832335328
69015ff217,DP Daybreak 12/04/2024,2,https://www.leaders4learning.com/,13,10,0.006996770721205597,0.00998003992015968
69015ff217,DP Daybreak 12/04/2024,3,https://www.business-services.upenn.edu/penn-bookstore-annual-winter-sale-bration,42,23,0.022604951560818085,0.022954091816367265
69015ff217,DP Daybreak 12/04/2024,4,https://www.business-services.upenn.edu/limited-time-offer-13-inch-macbook-air-m3-chip,12,8,0.006458557588805167,0.007984031936127744
0a0761f659,DP Daybreak 12/05/2024,1,https://universitycityhousing.com/,29,19,0.012179756404871903,0.015115354017501989
0a0761f659,DP Daybreak 12/05/2024,2,https://host.nxt.blackbaud.com/donor-form/?svcid=tcs&formId=ab9c0c00-775d-4569-bd3d-d50a1cfce308&envid=p-BbGbRoTNyEqlmBrbIkE5nw&zone=usa,17,11,0.007139857202855943,0.008750994431185362
8ca2cab60a,DP Daybreak 12/06/2024,1,https://www.business-services.upenn.edu/limited-time-offer-13-inch-macbook-air-m3-chip,15,14,0.007253384912959381,0.012511170688114389
8ca2cab60a,DP Daybreak 12/06/2024,2,https://universitycityhousing.com/,11,7,0.005319148936170213,0.006255585344057194
be1f37f567,DP Daybreak 12/09/2024,1,https://www.business-services.upenn.edu/limited-time-offer-13-inch-macbook-air-m3-chip,42,29,0.02434782608695652,0.029352226720647773
be1f37f567,DP Daybreak 12/09/2024,2,https://www.shopsatpenn.com/,7,6,0.004057971014492754,0.006072874493927126
559c317773,DP Daybreak 2024 in Review,1,https://www.sas.upenn.edu/penn-grad-talks,19,17,0.00993723849372385,0.01555352241537054
559c317773,DP Daybreak 2024 in Review,2,https://www.thelinden.life/,12,8,0.006276150627615063,0.007319304666056725
559c317773,DP Daybreak 2024 in Review,3,https://urldefense.com/v3/__https://theDP.us2.list-manage.com/track/click?u=a96885e3aa3f8131c872ee329&id=4ca950a47d&e=c4aba4b8cf__;!!IBzWLUs!XGVR7M1_VPoYyBtNzJI0FqkPQfM1L0N7ROhAQ-uwduH11bNplMYWmdXAL6MEkHU-grPj1UKCoy-xuxQ8yiP0M90$,100,47,0.05230125523012552,0.043000914913083256
69671edb8f,DP Daybreak 12/12/2024,1,https://www.business-services.upenn.edu/limited-time-offer-13-inch-macbook-air-m3-chip,236,226,0.07508749602290805,0.09813287016934433
69671edb8f,DP Daybreak 12/12/2024,2,https://www.shopsatpenn.com/,13,9,0.004136175628380528,0.0039079461571862786
69671edb8f,DP Daybreak 12/12/2024,3,https://universityrealtyapartments.com/,7,5,0.0022271714922048997,0.0021710811984368217
69671edb8f,DP Daybreak 12/12/2024,4,http://dominos.com,17,17,0.005408845052497614,0.007381676074685193
86d76f0f87,DP Daybreak 01/15/2024,1,https://africana.sas.upenn.edu/events/2025/01/21/24th-annual-mlk-jr-social-justice-lecture-award,22,20,0.010377358490566037,0.01694915254237288
86d76f0f87,DP Daybreak 01/15/2024,2,http://dominos.com/,13,8,0.006132075471698114,0.006779661016949152
c93b8434c6,DP Daybreak 01/16/2025,1,https://www.thelinden.life/,20,18,0.01100715465052284,0.018108651911468814
c93b8434c6,DP Daybreak 01/16/2025,2,https://www.sas.upenn.edu/penn-grad-talks,11,9,0.006053935057787562,0.009054325955734407
e5ce735a5d,DP Daybreak 01/17/2025,1,https://africana.sas.upenn.edu/events/2025/01/21/24th-annual-mlk-jr-social-justice-lecture-award,39,37,0.01368421052631579,0.024041585445094216
e5ce735a5d,DP Daybreak 01/17/2025,2,https://universityrealtyapartments.com/,21,12,0.007368421052631579,0.007797270955165692
7695cbc0f0,DP Daybreak 01/21/2025,1,https://curf.upenn.edu/content/factcheckorg-fellowship,20,16,0.010476689366160294,0.013973799126637555
7695cbc0f0,DP Daybreak 01/21/2025,2,https://academy.wharton.upenn.edu/why-wharton-academy/?utm_campaign=FY25-DP-email&utm_medium=direct-buy&utm_source=DP,28,14,0.014667365112624411,0.01222707423580786
7695cbc0f0,DP Daybreak 01/21/2025,3,https://www.sas.upenn.edu/penn-grad-talks,16,11,0.008381351492928235,0.00960698689956332
f1b9b89879,DP Daybreak 01/22/2025,1,https://www.eventbrite.com/e/snf-paideia-fellows-information-session-tickets-1205572833799?aff=oddtdtcreator,79,73,0.025978296612956264,0.03933189655172414
f1b9b89879,DP Daybreak 01/22/2025,2,https://academy.wharton.upenn.edu/why-wharton-academy/?utm_campaign=FY25-DP-email&utm_medium=direct-buy&utm_source=DP,89,80,0.029266688589279843,0.04310344827586207
f1b9b89879,DP Daybreak 01/22/2025,3,https://www.sas.upenn.edu/events/knowledge-slice-living-deliberately-through-existential-despair,7,7,0.0023018743834265043,0.003771551724137931
f1b9b89879,DP Daybreak 01/22/2025,4,https://youtu.be/67BoYaKj1e8?feature=shared,47,24,0.015455442288720816,0.01293103448275862
4c0cf58fb5,DP Daybreak 01/23/2025,1,https://academy.wharton.upenn.edu/why-wharton-academy/?utm_campaign=FY25-DP-email&utm_medium=direct-buy&utm_source=DP,50,30,0.027777777777777776,0.03015075376884422
4c0cf58fb5,DP Daybreak 01/23/2025,2,https://www.sas.upenn.edu/events/knowledge-slice-living-deliberately-through-existential-despair,9,7,0.005,0.007035175879396985
4c0cf58fb5,DP Daybreak 01/23/2025,3,https://www.sas.upenn.edu/penn-grad-talks,5,5,0.002777777777777778,0.005025125628140704
4c0cf58fb5,DP Daybreak 01/23/2025,4,http://dominos.com/,6,6,0.0033333333333333335,0.006030150753768844
6c53eceb4f,DP Daybreak 01//24/2025,1,https://thelinden.life/,73,67,0.02250308261405672,0.03437660338635198
6c53eceb4f,DP Daybreak 01//24/2025,2,https://academy.wharton.upenn.edu/why-wharton-academy/?utm_campaign=FY25-DP-email&utm_medium=direct-buy&utm_source=DP,10,8,0.0030826140567200987,0.004104669061056952
6c53eceb4f,DP Daybreak 01//24/2025,3,https://www.sas.upenn.edu/penn-grad-talks,13,10,0.004007398273736128,0.00513083632632119
2585384fd6,DP Daybreak 01/27/2025,1,https://www.sas.upenn.edu/penn-grad-talks,329,314,0.09748148148148149,0.11948249619482496
2585384fd6,DP Daybreak 01/27/2025,2,https://academy.wharton.upenn.edu/why-wharton-academy/?utm_campaign=FY25-DP-email&utm_medium=direct-buy&utm_source=DP,6,4,0.0017777777777777779,0.0015220700152207
2585384fd6,DP Daybreak 01/27/2025,3,https://www.sas.upenn.edu/events/knowledge-slice-living-deliberately-through-existential-despair,10,6,0.002962962962962963,0.00228310502283105
2585384fd6,DP Daybreak 01/27/2025,4,https://universityrealtyapartments.com/,5,4,0.0014814814814814814,0.0015220700152207
c4cfedcf9e,DP Daybreak 01/28/2025,1,https://www.sas.upenn.edu/events/knowledge-slice-living-deliberately-through-existential-despair,97,80,0.038877755511022044,0.0506649778340722
c4cfedcf9e,DP Daybreak 01/28/2025,2,https://curf.upenn.edu/content/factcheckorg-fellowship,86,75,0.034468937875751504,0.04749841671944269
1b4bce185c,DP Daybreak 01/29/2025,1,https://thelinden.life/,30,16,0.013003901170351105,0.013322231473771857
84b31afcfd,DP Daybreak 01/30/2025,1,http://dominos.com/,76,70,0.027676620538965767,0.03943661971830986
84b31afcfd,DP Daybreak 01/30/2025,2,https://curf.upenn.edu/content/factcheckorg-fellowship,13,11,0.0047341587764020395,0.006197183098591549
84b31afcfd,DP Daybreak 01/30/2025,3,https://universityrealtyapartments.com/,9,9,0.0032774945375091042,0.0050704225352112674
84b31afcfd,DP Daybreak 01/30/2025,4,https://thelinden.life/,10,8,0.003641660597232338,0.004507042253521127
3252c86f06,DP Daybreak 01/31/2025,1,https://cobalt-gecko-tytg.squarespace.com/,126,95,0.04332874828060523,0.05373303167420815
3252c86f06,DP Daybreak 01/31/2025,2,http://dominos.com,116,91,0.039889958734525444,0.051470588235294115
3252c86f06,DP Daybreak 01/31/2025,3,https://curf.upenn.edu/content/factcheckorg-fellowship,17,12,0.005845942228335626,0.006787330316742082
3252c86f06,DP Daybreak 01/31/2025,4,https://universityrealtyapartments.com/,13,11,0.004470426409903714,0.006221719457013574
3218f8b8a9,DP Daybreak 02/03/2025,1,https://universityrealtyapartments.com/,436,387,0.079014135556361,0.09534368070953436
3218f8b8a9,DP Daybreak 02/03/2025,2,http://dominos.com,17,12,0.0030808263863718738,0.0029563932002956393
cb11571e2f,DP Daybreak 02/04/2025,1,https://curf.upenn.edu/content/factcheckorg-fellowship,197,182,0.06963591375044186,0.09247967479674797
cb11571e2f,DP Daybreak 02/04/2025,2,https://universityrealtyapartments.com/,8,7,0.002827854365500177,0.003556910569105691
cb11571e2f,DP Daybreak 02/04/2025,3,http://dominos.com,5,5,0.0017674089784376105,0.002540650406504065
e540b8bb93,DP Daybreak 02/05/2025,1,https://www.lps.upenn.edu/non-degree-programs/pre-health/admissions?utm_campaign=5940998-daily_penn_enews_banner_spring&utm_source=ppc&utm_medium=enews%20banner&utm_term=jan25&utm_content=daily_penn_enews_banner_spring,65,57,0.021804763502180476,0.0330818340104469
e540b8bb93,DP Daybreak 02/05/2025,2,https://energyweek.upenn.edu/,15,8,0.005031868500503187,0.0046430644225188625
572166092e,DP Daybreak 02/06/2025,1,https://energyweek.upenn.edu/,150,115,0.05091649694501019,0.06273867975995635
3a46f497b7,DP Daybreak 02/07/2025,1,https://energyweek.upenn.edu/,7,6,0.002478753541076487,0.003367003367003367
5939dc43ec,DP Daybreak 02/10/2025,1,https://energyweek.upenn.edu/,29,20,0.012780960775672102,0.016638935108153077
3350174b87,DP Daybreak 02/11/2025,1,https://energyweek.upenn.edu/,12,10,0.005449591280653951,0.008764241893076249
597cb6afe3,DP Daybreak 02/12/2025,1,https://www.lps.upenn.edu/non-degree-programs/pre-health/admissions?utm_campaign=5940998-daily_penn_enews_banner_spring&utm_source=ppc&utm_medium=enews%20banner&utm_term=jan25&utm_content=daily_penn_enews_banner_spring,105,87,0.050724637681159424,0.064540059347181
597cb6afe3,DP Daybreak 02/12/2025,2,https://energyweek.upenn.edu/,78,72,0.03768115942028986,0.05341246290801187
bfb77c7c3f,DP Daybreak 02/13/2025,1,https://thelinden.life/,12,12,0.005210594876248371,0.01020408163265306
bfb77c7c3f,DP Daybreak 02/13/2025,2,https://energyweek.upenn.edu/,7,7,0.00303951367781155,0.005952380952380952
a83cd8f249,DP Daybreak 02/17/2025,1,https://universityrealtyapartments.com/,17,15,0.006491027109583811,0.011476664116296864
a83cd8f249,DP Daybreak 02/17/2025,2,http://dominos.com,20,18,0.007636502481863307,0.013771996939556235
bee2b6a470,DP Daybreak 02/18/2025,1,https://www.sas.upenn.edu/penn-grad-talks,102,96,0.03090909090909091,0.045476077688299386
bee2b6a470,DP Daybreak 02/18/2025,2,http://dominos.com,143,112,0.043333333333333335,0.053055423969682616
79446b93b3,DP Daybreak 02/19/2025,1,https://www.lps.upenn.edu/non-degree-programs/pre-health/admissions?utm_campaign=5940998-daily_penn_enews_banner_spring&utm_source=ppc&utm_medium=enews%20banner&utm_term=jan25&utm_content=daily_penn_enews_banner_spring,17,15,0.010974822466107165,0.017793594306049824
b068b65fa6,DP Daybreak 02/20/2025,1,https://www.sas.upenn.edu/penn-grad-talks,177,169,0.04405176704828273,0.06313036981695928
a68e290085,DP Daybreak 02/21/2025,1,https://universityrealtyapartments.com/,213,209,0.05100574712643678,0.06709470304975923
a68e290085,DP Daybreak 02/21/2025,2,https://www.sas.upenn.edu/penn-grad-talks,206,203,0.04932950191570881,0.0651685393258427
fbeaf3ffd3,DP Daybreak 02/24/2025,1,https://tinyurl.com/designblackbrazil-penn25,25,19,0.010477787091366304,0.015833333333333335
0692b67f0d,DP Daybreak 02/25/2025,1,http://dominos.com/,39,33,0.018404907975460124,0.029281277728482696
295f3172eb,DP Daybreak 02/26/2025,1,https://www.lps.upenn.edu/non-degree-programs/pre-health/admissions?utm_campaign=5940998-daily_penn_enews_banner_spring&utm_source=ppc&utm_medium=enews%20banner&utm_term=jan25&utm_content=daily_penn_enews_banner_spring,18,18,0.008915304606240713,0.017424975798644726
5b03d7e316,DP Daybreak 02/27/2025,1,http://penn-projected-face-artificial-intelligence-conference,72,27,0.022004889975550123,0.012328767123287671
6a06276cf1,DP Daybreak 02/28/2025,1,https://thelinden.life/,101,96,0.046500920810313075,0.06699232379623168
9cb131a6e1,DP Daybreak 03/03/2025,1,https://tinyurl.com/designblackbrazil-penn25,50,48,0.027793218454697052,0.0427807486631016
3b2f1d63c6,DP Daybreak 03/04/2025,1,https://tinyurl.com/designblackbrazil-penn25,59,58,0.028978388998035363,0.0475799835931091
04f4d9ae46,DP Daybreak 03/05/2025,1,https://www.lps.upenn.edu/hs/pre-health?utm_campaign=5940998-daily_penn_enews_banner_spring&utm_source=ppc&utm_medium=enews%20banner&utm_term=jan25&utm_content=daily_penn_enews_banner_spring,101,98,0.057517084282460135,0.08433734939759036
04f4d9ae46,DP Daybreak 03/05/2025,2,https://www.sas.upenn.edu/events/penn-science-cafe-there-no-one-way-teach-math,7,6,0.003986332574031891,0.0051635111876075735
04f4d9ae46,DP Daybreak 03/05/2025,3,https://www.sas.upenn.edu/events/knowledge-slice-whither-south-korean-democracy-democratic-backsliding-executive-power-and,5,5,0.0028473804100227792,0.004302925989672977
04f4d9ae46,DP Daybreak 03/05/2025,4,https://tinyurl.com/designblackbrazil-penn25,4,4,0.002277904328018223,0.0034423407917383822
b1c37e05e9,DP Daybreak 03/06/2025,1,https://snfpaideia.upenn.edu/events/the-future-of-conservatism-and-the-gop-in-the-age-of-trump/,21,17,0.01278149726110773,0.01951779563719862
b1c37e05e9,DP Daybreak 03/06/2025,2,https://tinyurl.com/designblackbrazil-penn25,8,7,0.004869141813755326,0.008036739380022962
b1c37e05e9,DP Daybreak 03/06/2025,3,https://www.sas.upenn.edu/events/knowledge-slice-whither-south-korean-democracy-democratic-backsliding-executive-power-and,10,8,0.006086427267194157,0.009184845005740528
b1c37e05e9,DP Daybreak 03/06/2025,4,http://bestofpenn.com,8,7,0.004869141813755326,0.008036739380022962
be1148247a,DP Daybreak 03/07/2025,1,https://www.sas.upenn.edu/events/penn-science-cafe-there-no-one-way-teach-math,19,16,0.010944700460829493,0.016359918200409
be1148247a,DP Daybreak 03/07/2025,2,https://snfpaideia.upenn.edu/events/the-future-of-conservatism-and-the-gop-in-the-age-of-trump/,8,8,0.004608294930875576,0.0081799591002045
d45ac9a550,DP Daybreak 03/17/2025,1,https://www.sas.upenn.edu/events/penn-science-cafe-there-no-one-way-teach-math,113,86,0.03519152911865463,0.04350025290844714
d45ac9a550,DP Daybreak 03/17/2025,2,https://www.campusexpress.upenn.edu/gradfair,83,74,0.025848645281843663,0.03743045017703591
d45ac9a550,DP Daybreak 03/17/2025,3,https://snfpaideia.upenn.edu/events/the-future-of-conservatism-and-the-gop-in-the-age-of-trump/,8,8,0.002491435689816257,0.004046535154274153
d45ac9a550,DP Daybreak 03/17/2025,4,https://www.sas.upenn.edu/events/knowledge-slice-whither-south-korean-democracy-democratic-backsliding-executive-power-and,8,6,0.002491435689816257,0.0030349013657056147
9f8477e800,DP Daybreak 03/18/2025,1,https://www.sas.upenn.edu/events/penn-science-cafe-there-no-one-way-teach-math,45,21,0.017064846416382253,0.014705882352941176
9f8477e800,DP Daybreak 03/18/2025,2,https://www.campusexpress.upenn.edu/gradfair,21,13,0.007963594994311717,0.009103641456582634
9f8477e800,DP Daybreak 03/18/2025,3,https://thelinden.life/,11,8,0.004171406901782328,0.0056022408963585435
9f8477e800,DP Daybreak 03/18/2025,4,http://dominos.com/,5,5,0.0018960940462646946,0.0035014005602240898
163d58fae2,DP Daybreak 03/19/2025,1,https://www.lps.upenn.edu/non-degree-programs/pre-health/events?utm_campaign=5940998-daily_penn_enews_banner_spring&utm_source=ppc&utm_medium=enews%20banner&utm_term=jan25&utm_content=daily_penn_enews_banner_spring,90,80,0.037641154328732745,0.05379959650302623
163d58fae2,DP Daybreak 03/19/2025,2,https://www.campusexpress.upenn.edu/gradfair,5,5,0.002091175240485153,0.0033624747814391394
dc75c3dbac,DP Daybreak 03/20/2025,1,https://www.campusexpress.upenn.edu/gradfair,36,26,0.008423022929340197,0.011850501367365542
dc75c3dbac,DP Daybreak 03/20/2025,2,https://universityrealtyapartments.com/,23,14,0.0053813757604117924,0.006381039197812215
1964696f72,DP Daybreak 03/21/2025,1,https://apartmentsatpenn.com/,49,23,0.013509787703336091,0.012472885032537961
1964696f72,DP Daybreak 03/21/2025,2,https://pattayarestaurant.com/,57,31,0.015715467328370553,0.016811279826464208
1964696f72,DP Daybreak 03/21/2025,3,https://www.campusexpress.upenn.edu/gradfair,12,10,0.0033085194375516956,0.005422993492407809
2f494d6edf,DP Daybreak 03/24/2025,1,https://www.campusexpress.upenn.edu/gradfair,57,52,0.017096580683863227,0.027762947143619862
2f494d6edf,DP Daybreak 03/24/2025,2,http://quakercreative.com/events,59,49,0.01769646070785843,0.02616123865456487
3c0b07b780,DP Daybreak 03/25/2025,1,https://www.campusexpress.upenn.edu/gradfair,29,22,0.010788690476190476,0.014854827819041188
3c0b07b780,DP Daybreak 03/25/2025,2,https://www.sas.upenn.edu/events/penn-science-cafe-pushing-boundaries-human-brain-imaging-new-era-mind-brain-research,17,11,0.006324404761904762,0.007427413909520594
3c0b07b780,DP Daybreak 03/25/2025,3,http://quakercreative.com/events,14,12,0.005208333333333333,0.008102633355840648
91081895a0,DP Daybreak 03/26/2025,1,https://www.lps.upenn.edu/non-degree-programs/pre-health/events?utm_campaign=5940998-daily_penn_enews_banner_spring&utm_source=ppc&utm_medium=enews%20banner&utm_term=jan25&utm_content=daily_penn_enews_banner_spring,100,88,0.03816793893129771,0.05323653962492438
91081895a0,DP Daybreak 03/26/2025,2,http://dominos.com/,9,8,0.003435114503816794,0.004839685420447671
91081895a0,DP Daybreak 03/26/2025,3,http://quakercreative.com/events,10,9,0.003816793893129771,0.0054446460980036296
